Date,Real,Predicted,,,RMSE,R-Squared
7/20/2018,70.46,26.268555,,,0.23354,-4.09788
7/23/2018,67.89,26.072628,,,,
7/24/2018,68.52,25.812649,,,,
7/25/2018,69.3,25.859846,,,,
7/26/2018,69.61,25.531477,,,,
7/27/2018,68.69,25.217598,,,,
7/30/2018,70.13,24.879898,,,,
7/31/2018,68.76,25.051172,,,,
8/1/2018,67.66,25.298262,,,,
8/2/2018,68.96,25.131361,,,,
8/3/2018,68.49,25.215826,,,,
8/6/2018,69.01,25.031069,,,,
8/7/2018,69.17,24.813116,,,,
8/8/2018,66.94,24.37175,,,,
8/9/2018,66.81,24.285784,,,,
8/10/2018,67.63,24.245777,,,,
8/13/2018,67.2,24.125399,,,,
8/14/2018,67.04,23.986622,,,,
8/15/2018,65.01,24.39759,,,,
8/16/2018,65.46,24.288034,,,,
8/17/2018,65.91,24.274185,,,,
8/20/2018,66.43,24.501741,,,,
8/21/2018,67.35,24.578781,,,,
8/22/2018,67.86,24.695114,,,,
8/23/2018,67.83,25.033453,,,,
8/24/2018,68.72,25.144567,,,,
8/27/2018,68.87,25.333193,,,,
8/28/2018,68.53,25.44417,,,,
8/29/2018,69.51,25.275324,,,,
8/30/2018,70.25,25.048477,,,,
8/31/2018,69.8,25.28771,,,,
9/2/2018,69.92,25.072763,,,,
9/3/2018,70.12,25.183989,,,,
9/4/2018,69.87,25.068083,,,,
9/5/2018,68.72,25.272682,,,,
9/6/2018,67.77,25.433546,,,,
9/7/2018,67.75,25.108694,,,,
9/10/2018,67.54,25.173664,,,,
9/11/2018,69.25,25.168365,,,,
9/12/2018,70.37,24.872686,,,,
9/13/2018,68.59,24.845707,,,,
9/14/2018,68.99,24.970766,,,,
9/17/2018,68.91,24.959295,,,,
9/18/2018,69.85,24.99199,,,,
9/19/2018,71.12,25.129108,,,,
9/20/2018,70.8,24.859919,,,,
9/21/2018,70.78,24.983667,,,,
9/24/2018,72.08,25.546953,,,,
9/25/2018,72.28,26.119781,,,,
9/26/2018,71.57,26.254032,,,,
9/27/2018,72.12,26.100784,,,,
9/28/2018,73.25,26.40754,,,,
10/1/2018,75.3,26.117832,,,,
10/2/2018,75.23,25.795525,,,,
10/3/2018,76.41,25.31725,,,,
10/4/2018,74.33,25.207067,,,,
10/5/2018,74.34,25.163498,,,,
10/8/2018,74.29,25.205696,,,,
10/9/2018,74.96,25.801151,,,,
10/10/2018,73.17,25.6117,,,,
10/11/2018,70.97,25.778742,,,,
10/12/2018,71.34,25.742691,,,,
10/15/2018,71.78,25.896002,,,,
10/16/2018,71.92,25.73833,,,,
10/17/2018,69.75,25.986511,,,,
10/18/2018,68.65,25.942366,,,,
10/19/2018,69.12,25.32007,,,,
10/22/2018,69.17,24.656593,,,,
10/23/2018,66.43,24.478174,,,,
10/24/2018,66.82,24.010988,,,,
10/25/2018,67.33,24.076971,,,,
10/26/2018,67.59,24.520212,,,,
10/29/2018,67.04,24.737587,,,,
10/30/2018,66.18,24.588667,,,,
10/31/2018,65.31,25.22246,,,,
11/1/2018,63.69,25.31018,,,,
11/2/2018,63.14,25.177181,,,,
11/5/2018,63.1,25.27296,,,,
11/6/2018,62.21,25.139997,,,,
11/7/2018,61.67,24.548815,,,,
11/8/2018,60.67,24.34698,,,,
11/9/2018,60.19,24.663252,,,,
11/12/2018,59.93,24.77527,,,,
11/13/2018,55.69,25.283184,,,,
11/14/2018,56.25,25.368004,,,,
11/15/2018,56.46,25.811241,,,,
11/16/2018,56.46,26.046272,,,,
11/19/2018,56.76,25.261553,,,,
11/20/2018,53.43,25.261908,,,,
11/21/2018,54.63,25.013657,,,,
11/22/2018,54.02,24.853436,,,,
11/23/2018,50.42,24.56868,,,,
11/26/2018,51.63,24.965858,,,,
11/27/2018,51.56,25.097427,,,,
11/28/2018,50.29,25.064184,,,,
11/29/2018,51.45,24.318491,,,,
11/30/2018,50.93,24.275951,,,,
12/3/2018,52.95,23.698988,,,,
12/4/2018,53.25,23.435411,,,,
12/5/2018,52.89,23.32375,,,,
12/6/2018,51.49,23.70835,,,,
12/7/2018,52.61,23.981768,,,,
12/10/2018,51,24.397627,,,,
12/11/2018,51.65,24.256142,,,,
12/12/2018,51.15,24.16183,,,,
12/13/2018,52.58,23.980734,,,,
12/14/2018,51.2,23.813078,,,,
12/17/2018,49.88,23.735176,,,,
12/18/2018,46.24,24.002954,,,,
12/19/2018,47.2,24.231201,,,,
12/20/2018,45.88,24.185204,,,,
12/21/2018,45.59,24.75992,,,,
12/24/2018,42.53,24.74398,,,,
12/25/2018,43.16,24.904388,,,,
12/26/2018,46.22,24.559135,,,,
12/27/2018,44.61,24.414764,,,,
12/28/2018,45.33,24.205605,,,,
12/31/2018,45.41,23.990273,,,,
1/1/2019,45.89,24.235172,,,,
1/2/2019,46.54,23.17987,,,,
1/3/2019,47.09,23.249344,,,,
1/4/2019,47.96,23.035215,,,,
1/7/2019,48.52,22.97203,,,,
1/8/2019,49.78,22.487452,,,,
1/9/2019,52.36,23.90702,,,,
1/10/2019,52.59,24.095861,,,,
1/11/2019,51.59,24.264841,,,,
1/14/2019,50.51,24.280766,,,,
1/15/2019,52.11,24.248672,,,,
1/16/2019,52.31,24.008661,,,,
1/17/2019,52.07,23.695139,,,,
1/18/2019,53.8,23.787916,,,,
1/20/2019,53.65,23.574884,,,,
1/21/2019,54.24,23.877586,,,,
1/22/2019,52.57,23.792624,,,,
1/23/2019,52.62,23.98703,,,,
1/24/2019,53.13,23.75577,,,,
1/25/2019,53.69,24.069843,,,,
1/28/2019,51.99,24.801067,,,,
1/29/2019,53.31,24.775866,,,,
1/30/2019,54.23,25.014357,,,,
1/31/2019,53.79,24.71171,,,,
2/1/2019,55.26,24.64766,,,,
2/4/2019,54.56,24.634932,,,,
2/5/2019,53.66,24.432856,,,,
2/6/2019,54.01,24.042044,,,,
2/7/2019,52.64,24.266409,,,,
2/8/2019,52.72,23.922785,,,,
2/11/2019,52.41,23.542263,,,,
2/12/2019,53.1,23.373394,,,,
2/13/2019,53.9,23.624044,,,,
2/14/2019,54.41,24.066416,,,,
2/15/2019,55.59,24.242632,,,,
2/17/2019,56.33,24.798178,,,,
2/18/2019,56.27,25.462582,,,,
2/19/2019,56.09,25.5596,,,,
2/20/2019,56.92,25.501732,,,,
2/21/2019,56.96,25.380127,,,,
2/22/2019,57.26,25.162775,,,,
2/25/2019,55.48,25.53677,,,,
2/26/2019,55.5,25.412436,,,,
2/27/2019,56.94,25.140636,,,,
2/28/2019,57.22,25.258297,,,,
3/1/2019,55.8,25.514645,,,,
3/4/2019,56.59,25.850306,,,,
3/5/2019,56.56,26.148136,,,,
3/6/2019,56.22,26.223804,,,,
3/7/2019,56.66,25.958286,,,,
3/8/2019,56.07,25.603249,,,,
3/11/2019,56.79,25.137365,,,,
3/12/2019,56.87,25.447428,,,,
3/13/2019,58.26,25.519726,,,,
3/14/2019,58.61,25.843046,,,,
3/15/2019,58.52,26.089638,,,,
3/18/2019,59.09,25.75545,,,,
3/19/2019,59.03,25.599092,,,,
3/20/2019,59.83,25.321241,,,,
3/21/2019,59.98,25.183252,,,,
3/22/2019,59.04,25.380936,,,,
3/25/2019,58.82,25.446127,,,,
3/26/2019,59.94,25.43697,,,,
3/27/2019,59.41,25.530237,,,,
3/28/2019,59.3,25.08721,,,,
3/29/2019,60.14,24.841711,,,,
4/1/2019,61.59,25.2007,,,,
4/2/2019,62.58,25.345453,,,,
4/3/2019,62.46,25.34793,,,,
4/4/2019,62.1,25.24479,,,,
4/5/2019,63.08,25.092138,,,,
4/8/2019,64.4,24.915632,,,,
4/9/2019,63.98,25.306734,,,,
4/10/2019,64.61,25.531113,,,,
4/11/2019,63.58,26.041752,,,,
4/12/2019,63.89,26.168217,,,,
4/15/2019,63.4,25.927168,,,,
4/16/2019,64.05,26.121376,,,,
4/17/2019,63.76,25.484447,,,,
4/18/2019,64,25.439878,,,,
4/22/2019,65.7,25.476885,,,,
4/23/2019,66.3,25.404753,,,,
4/24/2019,65.89,24.933073,,,,
4/25/2019,65.21,24.899336,,,,
4/26/2019,63.3,24.979315,,,,
4/29/2019,63.5,24.928343,,,,
4/30/2019,63.91,25.353878,,,,
5/1/2019,63.6,25.191378,,,,
5/2/2019,61.81,25.166874,,,,
5/3/2019,61.94,25.04515,,,,
5/6/2019,62.25,24.937815,,,,
5/7/2019,61.4,24.873686,,,,
5/8/2019,62.12,24.921713,,,,
5/9/2019,61.7,24.614237,,,,
5/10/2019,61.66,24.466589,,,,
5/13/2019,61.04,24.345148,,,,
5/14/2019,61.78,24.324032,,,,
5/15/2019,62.02,24.478926,,,,
5/16/2019,62.87,24.908262,,,,
5/17/2019,62.76,24.841742,,,,
5/20/2019,63.1,24.89207,,,,
5/21/2019,62.99,24.949827,,,,
5/22/2019,61.42,24.74936,,,,
5/23/2019,57.91,24.418777,,,,
5/24/2019,58.63,24.763233,,,,
5/26/2019,58.77,24.749168,,,,
5/27/2019,59.16,25.313,,,,
5/28/2019,59.14,25.444227,,,,
5/29/2019,58.81,25.14865,,,,
5/30/2019,56.59,24.759466,,,,
5/31/2019,53.5,24.52606,,,,
6/3/2019,53.25,24.577347,,,,
6/4/2019,53.48,24.421207,,,,
6/5/2019,51.68,24.936523,,,,
6/6/2019,52.59,24.842052,,,,
6/7/2019,53.99,24.872482,,,,
6/10/2019,53.26,24.236534,,,,
6/11/2019,53.27,24.475119,,,,
6/12/2019,51.14,24.431253,,,,
6/13/2019,52.28,24.27477,,,,
6/14/2019,52.51,24.564037,,,,
6/17/2019,51.93,24.559225,,,,
6/18/2019,53.9,24.589333,,,,
6/19/2019,53.76,25.47989,,,,
6/20/2019,56.65,25.891083,,,,
6/21/2019,57.43,25.613436,,,,
6/24/2019,57.9,25.556847,,,,
6/25/2019,57.83,25.301676,,,,
6/26/2019,59.38,24.739363,,,,
6/27/2019,59.43,25.136135,,,,
6/28/2019,58.47,25.015429,,,,
7/1/2019,59.09,25.24491,,,,
7/2/2019,56.25,25.33533,,,,
7/3/2019,57.34,25.452175,,,,
7/4/2019,56.8,24.33834,,,,
7/5/2019,57.51,24.157267,,,,
7/8/2019,57.66,23.469898,,,,
7/9/2019,57.83,23.81032,,,,
7/10/2019,60.43,24.142242,,,,
7/11/2019,60.2,25.47986,,,,
7/12/2019,60.21,25.06152,,,,
7/15/2019,59.58,25.715616,,,,
7/16/2019,57.62,24.678408,,,,
7/17/2019,56.78,24.042776,,,,
7/18/2019,55.3,23.889181,,,,
7/19/2019,55.63,23.364567,,,,
7/22/2019,56.22,23.404724,,,,
7/23/2019,56.77,23.769283,,,,
7/24/2019,55.88,23.914885,,,,
7/25/2019,56.02,23.53633,,,,
7/26/2019,56.2,24.071993,,,,
7/29/2019,56.87,24.060947,,,,
7/30/2019,58.05,23.3749,,,,
7/31/2019,58.58,23.226639,,,,
8/1/2019,53.95,23.739347,,,,
8/2/2019,55.66,23.52401,,,,
8/5/2019,54.69,23.045576,,,,
8/6/2019,53.63,23.158005,,,,
8/7/2019,51.09,24.042238,,,,
8/8/2019,52.54,23.266571,,,,
8/9/2019,54.5,23.164186,,,,
8/12/2019,54.93,24.13332,,,,
8/13/2019,57.1,23.743996,,,,
8/14/2019,55.23,22.874102,,,,
8/15/2019,54.47,23.045074,,,,
8/16/2019,54.87,23.179806,,,,
8/19/2019,56.21,22.714254,,,,
8/20/2019,56.34,22.774872,,,,
8/21/2019,55.68,23.77557,,,,
8/22/2019,55.35,24.722954,,,,
8/23/2019,54.17,24.461645,,,,
8/26/2019,53.64,24.568567,,,,
8/27/2019,54.93,24.23062,,,,
8/28/2019,55.78,23.984703,,,,
8/29/2019,56.71,23.593122,,,,
8/30/2019,55.1,24.572542,,,,
9/1/2019,54.8,24.51284,,,,
9/2/2019,54.66,24.827278,,,,
9/3/2019,53.94,24.74522,,,,
9/4/2019,56.26,24.602621,,,,
9/5/2019,56.3,23.770708,,,,
9/6/2019,56.52,23.297514,,,,
9/9/2019,57.85,23.259909,,,,
9/10/2019,57.4,23.145979,,,,
9/11/2019,55.75,23.381445,,,,
9/12/2019,55.09,23.371761,,,,
9/13/2019,54.85,23.643545,,,,
9/16/2019,62.9,23.624315,,,,
9/17/2019,59.34,24.150537,,,,
9/18/2019,58.11,24.389713,,,,
9/19/2019,58.13,24.938313,,,,
9/20/2019,58.09,25.089546,,,,
9/23/2019,58.64,25.258022,,,,
9/24/2019,57.29,23.842308,,,,
9/25/2019,56.49,23.03229,,,,
9/26/2019,56.41,23.1084,,,,
9/27/2019,55.91,23.056723,,,,
9/30/2019,54.07,23.209732,,,,
10/1/2019,53.62,23.280954,,,,
10/2/2019,52.64,23.846357,,,,
10/3/2019,52.45,23.620714,,,,
10/4/2019,52.81,23.883928,,,,
10/7/2019,52.75,24.033228,,,,
10/8/2019,52.63,24.007835,,,,
10/9/2019,52.59,23.296444,,,,
10/10/2019,53.55,23.156574,,,,
10/11/2019,54.7,22.862219,,,,
10/14/2019,53.59,22.713943,,,,
10/15/2019,52.81,22.575993,,,,
10/16/2019,53.36,23.208572,,,,
10/17/2019,53.93,22.98553,,,,
10/18/2019,53.78,23.438578,,,,
10/21/2019,53.31,23.151966,,,,
10/22/2019,54.16,22.995848,,,,
10/23/2019,55.97,22.959375,,,,
10/24/2019,56.23,23.159603,,,,
10/25/2019,56.66,23.237732,,,,
10/28/2019,55.81,23.826796,,,,
10/29/2019,55.54,24.127686,,,,
10/30/2019,55.06,23.926212,,,,
10/31/2019,54.18,24.228937,,,,
11/1/2019,56.2,23.795887,,,,
11/4/2019,56.54,23.463837,,,,
11/5/2019,57.23,23.512281,,,,
11/6/2019,56.35,23.41656,,,,
11/7/2019,57.15,23.210203,,,,
11/8/2019,57.24,23.271473,,,,
11/11/2019,56.86,23.258621,,,,
11/12/2019,56.8,23.136223,,,,
11/13/2019,57.12,23.322027,,,,
11/14/2019,56.77,23.286648,,,,
11/15/2019,57.72,23.475454,,,,
11/18/2019,57.05,23.494194,,,,
11/19/2019,55.21,23.645826,,,,
11/20/2019,57.11,23.399311,,,,
11/21/2019,58.58,23.318586,,,,
11/22/2019,57.77,23.484158,,,,
11/25/2019,58.01,23.893337,,,,
11/26/2019,58.41,23.64409,,,,
11/27/2019,58.11,24.59088,,,,
11/28/2019,58.08,23.833572,,,,
11/29/2019,55.17,23.896357,,,,
12/2/2019,55.96,23.252306,,,,
12/3/2019,56.1,23.590397,,,,
12/4/2019,58.43,23.205708,,,,
12/5/2019,58.43,24.662443,,,,
12/6/2019,59.2,24.545067,,,,
12/9/2019,59.02,25.352732,,,,
12/10/2019,59.24,25.163654,,,,
12/11/2019,58.76,25.044743,,,,
12/12/2019,59.18,24.57224,,,,
12/13/2019,60.07,24.935896,,,,
12/16/2019,60.21,24.700314,,,,
12/17/2019,60.94,24.8323,,,,
12/18/2019,60.93,24.968195,,,,
12/19/2019,61.22,24.94299,,,,
12/20/2019,60.44,24.895124,,,,
12/23/2019,60.52,24.893553,,,,
12/24/2019,61.11,24.769659,,,,
12/25/2019,61.19,25.228552,,,,
12/26/2019,61.68,25.555248,,,,
12/27/2019,61.72,24.887,,,,
12/30/2019,61.68,24.265577,,,,
12/31/2019,61.06,24.840027,,,,
1/1/2020,61.33,24.577618,,,,
1/2/2020,61.18,24.9728,,,,
1/3/2020,63.05,25.19979,,,,
1/6/2020,63.27,25.511007,,,,
1/7/2020,62.7,24.967373,,,,
1/8/2020,59.61,25.433697,,,,
1/9/2020,59.56,24.711266,,,,
1/10/2020,59.04,24.711145,,,,
1/13/2020,58.08,24.895046,,,,
1/14/2020,58.23,24.521593,,,,
1/15/2020,57.81,24.371967,,,,
1/16/2020,58.52,24.331945,,,,
1/17/2020,58.54,24.431675,,,,
1/19/2020,59.27,24.554628,,,,
1/20/2020,58.73,25.200651,,,,
1/21/2020,58.34,25.281345,,,,
1/22/2020,56.74,25.616167,,,,
1/23/2020,55.59,25.402617,,,,
1/24/2020,54.19,25.033657,,,,
1/27/2020,53.14,24.740707,,,,
1/28/2020,53.48,24.138779,,,,
1/29/2020,53.33,24.163643,,,,
1/30/2020,52.14,24.630308,,,,
1/31/2020,51.56,24.738634,,,,
2/3/2020,50.11,24.675085,,,,
2/4/2020,49.61,25.405241,,,,
2/5/2020,50.75,25.6373,,,,
2/6/2020,50.95,24.975012,,,,
2/7/2020,50.32,25.013807,,,,
2/10/2020,49.57,25.144527,,,,
2/11/2020,49.94,24.6624,,,,
2/12/2020,51.17,24.204872,,,,
2/13/2020,51.42,24.321768,,,,
2/14/2020,52.05,24.425838,,,,
2/16/2020,52.36,24.240639,,,,
2/17/2020,52.2,24.870861,,,,
2/18/2020,52.05,25.442877,,,,
2/19/2020,53.29,24.424276,,,,
2/20/2020,53.78,24.345308,,,,
2/21/2020,53.38,24.279917,,,,
2/24/2020,51.43,23.860857,,,,
2/25/2020,49.9,23.4751,,,,
2/26/2020,48.73,24.353579,,,,
2/27/2020,47.09,24.013401,,,,
2/28/2020,44.76,23.635635,,,,
3/2/2020,46.75,23.39035,,,,
3/3/2020,47.18,23.289764,,,,
3/4/2020,46.78,22.996647,,,,
3/5/2020,45.9,22.897451,,,,
3/6/2020,41.28,23.297274,,,,
3/9/2020,31.13,23.055185,,,,
3/10/2020,34.36,23.215927,,,,
3/11/2020,32.98,23.817652,,,,
3/12/2020,31.5,23.956264,,,,
3/13/2020,31.73,24.06669,,,,
3/16/2020,28.7,24.063982,,,,
3/17/2020,26.95,23.597267,,,,
3/18/2020,20.37,23.260721,,,,
3/19/2020,25.22,23.570465,,,,
3/20/2020,22.43,23.733303,,,,
3/23/2020,23.36,23.739546,,,,
3/24/2020,24.01,23.304108,,,,
3/25/2020,24.49,22.693737,,,,
3/26/2020,22.6,22.337444,,,,
3/27/2020,21.51,21.742455,,,,
3/30/2020,20.09,21.845024,,,,
3/31/2020,20.48,22.381216,,,,
4/1/2020,20.31,23.232904,,,,
4/2/2020,25.32,23.686905,,,,
4/3/2020,28.34,24.143726,,,,
4/6/2020,26.08,23.711805,,,,
4/7/2020,23.63,23.720491,,,,
4/8/2020,25.09,23.337633,,,,
4/9/2020,22.76,23.333498,,,,
4/13/2020,22.41,23.056376,,,,
4/14/2020,20.11,23.586258,,,,
4/15/2020,19.87,23.2852,,,,
4/16/2020,19.87,23.401062,,,,
4/17/2020,18.27,23.455849,,,,
4/20/2020,-37.63,23.540495,,,,
4/21/2020,10.01,23.000525,,,,
4/22/2020,13.78,23.722725,,,,
4/23/2020,16.5,24.912516,,,,
4/24/2020,16.94,26.209225,,,,
4/27/2020,12.78,27.942135,,,,
4/28/2020,12.34,27.056,,,,
4/29/2020,15.06,25.407278,,,,
4/30/2020,18.84,24.916103,,,,
5/1/2020,19.78,24.625948,,,,
5/4/2020,20.39,24.404194,,,,
5/5/2020,24.56,24.25433,,,,
5/6/2020,23.99,24.108843,,,,
5/7/2020,23.55,23.874762,,,,
5/8/2020,24.74,23.650286,,,,
5/11/2020,24.14,23.995495,,,,
5/12/2020,25.78,24.083494,,,,
5/13/2020,25.29,24.433514,,,,
5/14/2020,27.56,24.800137,,,,
5/15/2020,29.43,25.234001,,,,
5/18/2020,31.82,24.70071,,,,
5/19/2020,32.5,25.210928,,,,
5/20/2020,33.49,24.958185,,,,
5/21/2020,33.92,25.232208,,,,
5/22/2020,33.25,25.158308,,,,
5/24/2020,32.9,25.875978,,,,
5/25/2020,33.92,25.66328,,,,
5/26/2020,34.35,25.99891,,,,
5/27/2020,32.81,25.818897,,,,
5/28/2020,33.71,25.73005,,,,
5/29/2020,35.49,25.563393,,,,
6/1/2020,35.44,25.020584,,,,
6/2/2020,36.81,24.525084,,,,
6/3/2020,37.29,24.068499,,,,
6/4/2020,37.41,24.102163,,,,
6/5/2020,39.55,24.265108,,,,
6/8/2020,38.19,24.41639,,,,
6/9/2020,38.94,25.05708,,,,
6/10/2020,39.6,25.29374,,,,
6/11/2020,36.34,24.966911,,,,
6/12/2020,36.26,24.889872,,,,
6/15/2020,37.12,24.7119,,,,
6/16/2020,38.38,24.377333,,,,
6/17/2020,37.96,24.175047,,,,
6/18/2020,38.84,24.179981,,,,
6/19/2020,39.75,23.670856,,,,
6/22/2020,40.46,23.96818,,,,
6/23/2020,40.37,23.720531,,,,
6/24/2020,38.01,23.943209,,,,
6/25/2020,38.72,24.169514,,,,
6/26/2020,38.49,24.6994,,,,
6/29/2020,39.7,24.542612,,,,
6/30/2020,39.27,24.98661,,,,
7/1/2020,39.82,24.699045,,,,
7/2/2020,40.65,24.523476,,,,
7/3/2020,40.28,24.810017,,,,
7/6/2020,40.63,25.067373,,,,
7/7/2020,40.62,25.074877,,,,
7/8/2020,40.9,25.55685,,,,
7/9/2020,39.62,25.377863,,,,
7/10/2020,40.55,24.893633,,,,
7/13/2020,40.1,24.772732,,,,
7/14/2020,40.29,24.50779,,,,
7/15/2020,41.2,24.437092,,,,
7/16/2020,40.75,24.46089,,,,
7/17/2020,40.59,24.476984,,,,
7/20/2020,40.81,24.8268,,,,
7/21/2020,41.96,24.781128,,,,
7/22/2020,41.9,24.83095,,,,
7/23/2020,41.07,24.635092,,,,
7/24/2020,41.29,24.659662,,,,
7/27/2020,41.6,24.149961,,,,
7/28/2020,41.04,24.192774,,,,
7/29/2020,41.27,23.805672,,,,
7/30/2020,39.92,24.07741,,,,
7/31/2020,40.27,24.426598,,,,
8/3/2020,41.01,25.121897,,,,
8/4/2020,41.7,24.836372,,,,
8/5/2020,42.19,25.042517,,,,
8/6/2020,41.95,25.027294,,,,
8/7/2020,41.22,25.312649,,,,
8/10/2020,41.94,24.770061,,,,
8/11/2020,41.61,25.13197,,,,
8/12/2020,42.67,24.967226,,,,
8/13/2020,42.24,24.794119,,,,
8/14/2020,42.01,24.40872,,,,
8/17/2020,42.89,24.190594,,,,
8/18/2020,42.89,24.153563,,,,
8/19/2020,42.93,23.973042,,,,
8/20/2020,42.58,23.77017,,,,
8/21/2020,42.34,23.25136,,,,
8/24/2020,42.62,23.58616,,,,
8/25/2020,43.35,23.933048,,,,
8/26/2020,43.39,24.366568,,,,
8/27/2020,43.04,24.77654,,,,
8/28/2020,42.97,25.875286,,,,
8/31/2020,42.61,25.839994,,,,
9/1/2020,42.76,25.652338,,,,
9/2/2020,41.51,25.858225,,,,
9/3/2020,41.37,25.239979,,,,
9/4/2020,39.77,25.063837,,,,
9/6/2020,38.75,25.320461,,,,
9/7/2020,39.2,25.861275,,,,
9/8/2020,36.76,24.421482,,,,
9/9/2020,38.05,24.580198,,,,
9/10/2020,37.3,24.279114,,,,
9/11/2020,37.33,24.598793,,,,
9/14/2020,37.26,24.294687,,,,
9/15/2020,38.28,25.897526,,,,
9/16/2020,40.16,24.926056,,,,
9/17/2020,40.97,25.20017,,,,
9/18/2020,41.11,24.914816,,,,
9/21/2020,39.31,25.187834,,,,
9/22/2020,39.6,24.769325,,,,
9/23/2020,39.93,25.037357,,,,
9/24/2020,40.31,24.362322,,,,
9/25/2020,40.25,24.272789,,,,
9/28/2020,40.6,24.19317,,,,
9/29/2020,39.29,24.214508,,,,
9/30/2020,40.22,24.64801,,,,
10/1/2020,38.72,24.207794,,,,
10/2/2020,37.05,23.855421,,,,
10/5/2020,39.22,23.898386,,,,
10/6/2020,40.67,24.567812,,,,
10/7/2020,39.95,24.753534,,,,
10/8/2020,41.19,25.264977,,,,
10/9/2020,40.6,25.866076,,,,
10/12/2020,39.43,25.814327,,,,
10/13/2020,40.2,25.193995,,,,
10/14/2020,41.04,25.203867,,,,
10/15/2020,40.96,25.52239,,,,
10/16/2020,40.88,25.020521,,,,
10/19/2020,40.83,25.0805,,,,
10/20/2020,41.46,25.101553,,,,
10/21/2020,40.03,25.180378,,,,
10/22/2020,40.64,25.08875,,,,
10/23/2020,39.85,25.29962,,,,
10/26/2020,38.56,25.664639,,,,
10/27/2020,39.57,25.447508,,,,
10/28/2020,37.39,25.061617,,,,
10/29/2020,36.17,24.692757,,,,
10/30/2020,35.79,24.63121,,,,
11/2/2020,36.81,24.259232,,,,
11/3/2020,37.66,24.623056,,,,
11/4/2020,39.15,24.666355,,,,
11/5/2020,38.79,25.043152,,,,
11/6/2020,37.14,24.846933,,,,
11/9/2020,40.29,24.542185,,,,
11/10/2020,41.36,24.770693,,,,
11/11/2020,41.45,24.523115,,,,
11/12/2020,41.12,24.372478,,,,
11/13/2020,40.13,24.131855,,,,
11/16/2020,41.34,24.53646,,,,
11/17/2020,41.43,24.225504,,,,
11/18/2020,41.82,24.696545,,,,
11/19/2020,41.74,24.632969,,,,
11/20/2020,42.15,25.012995,,,,
11/23/2020,43.06,24.37203,,,,
11/24/2020,44.91,24.263033,,,,
11/25/2020,45.71,24.288853,,,,
11/26/2020,44.98,24.841343,,,,
11/27/2020,45.53,25.040657,,,,
11/30/2020,45.34,25.27848,,,,
12/1/2020,44.55,25.320341,,,,
12/2/2020,45.28,25.23501,,,,
12/3/2020,45.64,24.621662,,,,
12/4/2020,46.26,24.450401,,,,
12/7/2020,45.76,24.53797,,,,
12/8/2020,45.6,24.408014,,,,
12/9/2020,45.52,24.613611,,,,
12/10/2020,46.78,24.881075,,,,
12/11/2020,46.57,25.042322,,,,
12/14/2020,46.99,25.821562,,,,
12/15/2020,47.62,25.75684,,,,
12/16/2020,47.82,25.787468,,,,
12/17/2020,48.36,25.809317,,,,
12/18/2020,49.1,25.375372,,,,
12/21/2020,47.74,25.303625,,,,
12/22/2020,47.02,25.354002,,,,
12/23/2020,48.12,25.049942,,,,
12/24/2020,48.23,24.988348,,,,
12/28/2020,47.62,25.464664,,,,
12/29/2020,48,25.48305,,,,
12/30/2020,48.4,25.105919,,,,
12/31/2020,48.52,25.502123,,,,
1/4/2021,47.62,25.934315,,,,
1/5/2021,49.93,25.866982,,,,
1/6/2021,50.63,25.601948,,,,
1/7/2021,50.83,25.804441,,,,
1/8/2021,52.24,26.055353,,,,
1/11/2021,52.25,25.981102,,,,
1/12/2021,53.21,26.008352,,,,
1/13/2021,52.91,26.027168,,,,
1/14/2021,53.57,25.812141,,,,
1/15/2021,52.36,25.137365,,,,
1/17/2021,52.2,24.96458,,,,
1/18/2021,52.36,26.081816,,,,
1/19/2021,52.98,26.54719,,,,
1/20/2021,53.24,26.859568,,,,
1/21/2021,53.13,26.978054,,,,
1/22/2021,52.27,27.242321,,,,
1/25/2021,52.77,26.882954,,,,
1/26/2021,52.61,25.788845,,,,
1/27/2021,52.85,25.890846,,,,
1/28/2021,52.34,25.886322,,,,
1/29/2021,52.2,25.999851,,,,
2/1/2021,53.55,25.946335,,,,
2/2/2021,54.76,27.38393,,,,
2/3/2021,55.69,26.942034,,,,
2/4/2021,56.23,27.232653,,,,
2/5/2021,56.85,26.52393,,,,
2/8/2021,57.97,26.19556,,,,
2/9/2021,58.36,25.881828,,,,
2/10/2021,58.68,26.059465,,,,
2/11/2021,58.24,25.730164,,,,
2/12/2021,59.47,25.64168,,,,
2/14/2021,60.37,25.875237,,,,
2/15/2021,60.09,25.671509,,,,
2/16/2021,60.05,26.012886,,,,
2/17/2021,61.14,26.234804,,,,
2/18/2021,60.52,26.789719,,,,
2/19/2021,59.24,26.83278,,,,
2/22/2021,61.49,27.33803,,,,
2/23/2021,61.67,27.011583,,,,
2/24/2021,63.22,27.639559,,,,
2/25/2021,63.53,27.405464,,,,
2/26/2021,61.5,26.78644,,,,
3/1/2021,60.64,27.104973,,,,
3/2/2021,59.75,27.28107,,,,
3/3/2021,61.28,27.074635,,,,
3/4/2021,63.83,27.104544,,,,
3/5/2021,66.09,27.88214,,,,
3/8/2021,65.05,28.020561,,,,
3/9/2021,64.01,28.130259,,,,
3/10/2021,64.44,28.528015,,,,
3/11/2021,66.02,28.843489,,,,
3/12/2021,65.61,27.915037,,,,
3/15/2021,65.39,27.468159,,,,
3/16/2021,64.8,27.302303,,,,
3/17/2021,64.6,27.466908,,,,
3/18/2021,60,27.061543,,,,
3/19/2021,61.42,27.292826,,,,
3/22/2021,61.55,27.453642,,,,
3/23/2021,57.76,27.488165,,,,
3/24/2021,61.18,26.83243,,,,
3/25/2021,58.56,27.19042,,,,
3/26/2021,60.97,27.64637,,,,
3/29/2021,61.56,27.307161,,,,
3/30/2021,60.55,27.032423,,,,
3/31/2021,59.16,27.146332,,,,
4/1/2021,61.45,26.87177,,,,
4/5/2021,58.65,26.795597,,,,
4/6/2021,59.33,26.802876,,,,
4/7/2021,59.77,27.057665,,,,
4/8/2021,59.6,27.08669,,,,
4/9/2021,59.32,27.218046,,,,
4/12/2021,59.7,27.147997,,,,
4/13/2021,60.18,27.512346,,,,
4/14/2021,63.15,27.581295,,,,
4/15/2021,63.46,27.302298,,,,
4/16/2021,63.13,27.42372,,,,
4/19/2021,63.38,27.443327,,,,
4/20/2021,62.44,27.382553,,,,
4/21/2021,61.35,27.047026,,,,
4/22/2021,61.43,26.524738,,,,
4/23/2021,62.14,26.06035,,,,
4/26/2021,61.91,26.335722,,,,
4/27/2021,62.94,25.89683,,,,
4/28/2021,63.86,25.859112,,,,
4/29/2021,65.01,25.697733,,,,
4/30/2021,63.58,25.839981,,,,
5/3/2021,64.49,25.698713,,,,
5/4/2021,65.69,26.04081,,,,
5/5/2021,65.63,26.282724,,,,
5/6/2021,64.71,26.580345,,,,
5/7/2021,64.9,26.183569,,,,
5/10/2021,64.92,26.449799,,,,
5/11/2021,65.28,26.653069,,,,
5/12/2021,66.08,26.775988,,,,
5/13/2021,63.82,27.266932,,,,
5/14/2021,65.37,28.000408,,,,
5/17/2021,66.27,27.881971,,,,
5/18/2021,65.49,27.944187,,,,
5/19/2021,63.36,28.102573,,,,
5/20/2021,62.05,28.04009,,,,
5/21/2021,63.58,28.020699,,,,
5/24/2021,66.05,28.629293,,,,
5/25/2021,66.07,28.984854,,,,
5/26/2021,66.21,28.698557,,,,
5/27/2021,66.85,28.878439,,,,
5/28/2021,66.32,29.727816,,,,
5/30/2021,66.59,29.148535,,,,
5/31/2021,66.96,29.619907,,,,
6/1/2021,67.72,30.115137,,,,
6/2/2021,68.83,29.992682,,,,
6/3/2021,68.81,29.48571,,,,
6/4/2021,69.62,29.823801,,,,
6/7/2021,69.23,29.248547,,,,
6/8/2021,70.05,28.987034,,,,
6/9/2021,69.96,28.483402,,,,
6/10/2021,70.29,28.474073,,,,
6/11/2021,70.91,28.374243,,,,
6/14/2021,70.88,28.84504,,,,
6/15/2021,72.12,28.682726,,,,
6/16/2021,72.15,28.62782,,,,
6/17/2021,71.04,28.410097,,,,
6/18/2021,71.64,28.628094,,,,
6/21/2021,73.66,28.471804,,,,
6/22/2021,73.06,28.749859,,,,
6/23/2021,73.08,28.448631,,,,
6/24/2021,73.3,28.384737,,,,
6/25/2021,74.05,27.914122,,,,
6/28/2021,72.91,28.019388,,,,
6/29/2021,72.98,27.98729,,,,
6/30/2021,73.47,28.279896,,,,
7/1/2021,75.23,28.287575,,,,
7/2/2021,75.16,28.11583,,,,
7/4/2021,75.14,28.100496,,,,
7/5/2021,76.25,27.94842,,,,
7/6/2021,73.37,28.609358,,,,
7/7/2021,72.2,28.170044,,,,
7/8/2021,72.94,28.024832,,,,
7/9/2021,74.56,27.959827,,,,
7/12/2021,74.1,27.13395,,,,
7/13/2021,75.25,26.995804,,,,
7/14/2021,73.13,26.539944,,,,
7/15/2021,71.65,26.467936,,,,
7/16/2021,71.81,26.315586,,,,
7/19/2021,66.42,26.948208,,,,
7/20/2021,67.42,26.59068,,,,
7/21/2021,70.3,27.033445,,,,
7/22/2021,71.91,27.092154,,,,
7/23/2021,72.07,26.830015,,,,
7/26/2021,71.91,27.065805,,,,
7/27/2021,71.65,27.35908,,,,
7/28/2021,72.39,26.60751,,,,
7/29/2021,73.62,26.762705,,,,
7/30/2021,73.95,25.998968,,,,
8/2/2021,71.26,25.83888,,,,
8/3/2021,70.56,25.335684,,,,
8/4/2021,68.15,26.248602,,,,
8/5/2021,69.09,25.809202,,,,
8/6/2021,68.28,26.125807,,,,
8/9/2021,66.48,25.685942,,,,
8/10/2021,68.29,25.130503,,,,
8/11/2021,69.25,25.106709,,,,
8/12/2021,69.09,25.371952,,,,
8/13/2021,68.44,25.458597,,,,
8/16/2021,67.29,25.9091,,,,
8/17/2021,66.59,26.276112,,,,
8/18/2021,65.46,26.356318,,,,
8/19/2021,63.69,27.012062,,,,
8/20/2021,62.32,27.68354,,,,
8/23/2021,65.64,27.79951,,,,
8/24/2021,67.54,27.818768,,,,
8/25/2021,68.36,27.726244,,,,
8/26/2021,67.42,28.15394,,,,
8/27/2021,68.74,27.549093,,,,
8/30/2021,69.21,27.90561,,,,
8/31/2021,68.5,28.388933,,,,
9/1/2021,68.59,28.390047,,,,
9/2/2021,69.99,27.901798,,,,
9/3/2021,69.29,28.117926,,,,
9/5/2021,68.75,28.273466,,,,
9/6/2021,68.8,28.172709,,,,
9/7/2021,68.35,28.69843,,,,
9/8/2021,69.3,28.933971,,,,
9/9/2021,68.14,28.446077,,,,
9/10/2021,69.72,28.761892,,,,
9/13/2021,70.45,28.741926,,,,
9/14/2021,70.46,28.76691,,,,
9/15/2021,72.61,29.215263,,,,
9/16/2021,72.61,29.758694,,,,
9/17/2021,71.97,29.258379,,,,
9/20/2021,70.29,29.263206,,,,
9/21/2021,70.56,29.142818,,,,
9/22/2021,72.23,29.036163,,,,
9/23/2021,73.3,28.98036,,,,
9/24/2021,73.98,29.477686,,,,
9/27/2021,75.45,29.178253,,,,
9/28/2021,75.29,29.50131,,,,
9/29/2021,74.83,30.2213,,,,
9/30/2021,75.03,30.380337,,,,
10/1/2021,75.88,30.721401,,,,
10/4/2021,77.62,30.942307,,,,
10/5/2021,78.93,30.141645,,,,
10/6/2021,77.43,29.512386,,,,
10/7/2021,78.3,29.362526,,,,
10/8/2021,79.35,28.939793,,,,
10/11/2021,80.52,29.612171,,,,
10/12/2021,80.64,29.787968,,,,
10/13/2021,80.44,30.210403,,,,
10/14/2021,81.31,30.95018,,,,
10/15/2021,82.28,31.642664,,,,
10/18/2021,82.44,31.59353,,,,
10/19/2021,82.96,31.096743,,,,
10/20/2021,83.87,30.721565,,,,
10/21/2021,82.5,30.81703,,,,
10/22/2021,83.76,30.542236,,,,
10/25/2021,83.76,30.818901,,,,
10/26/2021,84.65,30.91496,,,,
10/27/2021,82.66,31.224838,,,,
10/28/2021,82.81,30.972212,,,,
10/29/2021,83.57,30.488586,,,,
11/1/2021,84.05,30.40441,,,,
11/2/2021,83.91,30.301977,,,,
11/3/2021,80.86,30.012417,,,,
11/4/2021,78.81,30.14745,,,,
11/5/2021,81.27,30.559889,,,,
11/8/2021,81.93,30.184952,,,,
11/9/2021,84.15,29.527428,,,,
11/10/2021,81.34,29.00612,,,,
11/11/2021,81.59,28.714363,,,,
11/12/2021,80.79,28.236773,,,,
11/15/2021,80.88,28.180418,,,,
11/16/2021,80.76,27.982262,,,,
11/17/2021,78.36,29.019897,,,,
11/18/2021,79.01,29.027851,,,,
11/19/2021,76.1,28.92345,,,,
11/22/2021,76.75,28.375486,,,,
11/23/2021,78.5,28.239746,,,,
11/24/2021,78.39,28.3485,,,,
11/25/2021,77.41,28.528921,,,,
11/26/2021,68.15,28.801273,,,,
11/29/2021,69.95,28.53869,,,,
11/30/2021,66.18,29.10461,,,,
12/1/2021,65.57,27.817015,,,,
12/2/2021,66.5,27.706482,,,,
12/3/2021,66.26,28.333836,,,,
12/6/2021,69.49,28.294476,,,,
12/7/2021,72.05,28.133083,,,,
12/8/2021,72.36,28.777756,,,,
12/9/2021,70.94,28.971207,,,,
12/10/2021,71.67,28.475107,,,,
12/13/2021,71.29,28.663807,,,,
12/14/2021,70.73,28.601658,,,,
12/15/2021,70.87,28.531626,,,,
12/16/2021,72.38,27.74382,,,,
12/17/2021,70.86,27.910423,,,,
12/20/2021,68.23,27.939764,,,,
12/21/2021,71.12,27.245691,,,,
12/22/2021,72.76,27.437744,,,,
12/23/2021,73.79,27.81211,,,,
12/27/2021,75.57,27.033335,,,,
12/28/2021,75.98,26.194033,,,,
12/29/2021,76.56,26.288635,,,,
12/30/2021,76.99,25.90476,,,,
12/31/2021,75.21,26.484726,,,,
1/3/2022,76.08,26.058626,,,,
1/4/2022,76.99,27.138302,,,,
1/5/2022,77.85,27.860916,,,,
1/6/2022,79.46,27.689732,,,,
1/7/2022,78.9,28.00655,,,,
1/10/2022,78.23,30.275478,,,,
1/11/2022,81.22,29.908287,,,,
1/12/2022,82.64,29.62107,,,,
1/13/2022,82.12,29.973267,,,,
1/14/2022,83.82,29.622498,,,,
1/16/2022,83.83,29.312304,,,,
1/17/2022,83.69,30.043259,,,,
1/18/2022,85.43,29.994734,,,,
1/19/2022,86.96,30.293144,,,,
1/20/2022,86.9,30.542604,,,,
1/21/2022,85.14,30.230461,,,,
1/24/2022,83.31,29.033934,,,,
1/25/2022,85.6,28.626469,,,,
1/26/2022,87.35,28.395416,,,,
1/27/2022,86.61,28.40365,,,,
1/28/2022,86.82,28.679857,,,,
1/31/2022,88.15,30.021152,,,,
2/1/2022,88.2,30.879398,,,,
2/2/2022,88.26,29.711985,,,,
2/3/2022,90.27,28.682304,,,,
2/4/2022,92.31,28.60934,,,,
2/7/2022,91.32,29.036457,,,,
2/8/2022,89.36,28.928007,,,,
2/9/2022,89.66,30.286882,,,,
2/10/2022,89.88,30.347332,,,,
2/11/2022,93.1,29.759417,,,,
2/14/2022,95.46,29.135977,,,,
2/15/2022,92.07,29.726341,,,,
2/16/2022,93.66,29.651167,,,,
2/17/2022,91.76,29.679083,,,,
2/18/2022,91.07,30.13429,,,,
2/20/2022,91.62,30.179886,,,,
2/21/2022,92.65,29.74931,,,,
2/22/2022,92.35,30.030775,,,,
2/23/2022,92.1,30.372995,,,,
2/24/2022,92.81,30.003548,,,,
2/25/2022,91.59,30.224035,,,,
2/28/2022,95.72,30.71911,,,,
3/1/2022,103.41,30.460848,,,,
3/2/2022,111.38,31.018236,,,,
